{
    "reference": "user_registration_signzy",
    "propertiesSchemaVersion": 5,
    "model": [
        {
            "id": "node-1-Start",
            "name": "Start",
            "position": {
                "x": -1592.2493714760355,
                "y": -246.7006330846407
            },
            "taskType": "Start",
            "next": {
                "node": "node-11-ConditionPoint",
                "connectionWayPoints": [
                    {
                        "x": -1466.2493714760355,
                        "y": -226.7006330846407
                    },
                    {
                        "x": -1446.2493714760355,
                        "y": -226.7006330846407
                    },
                    {
                        "x": -1448.9162099266355,
                        "y": -226.7006330846407
                    },
                    {
                        "x": -1428.9162099266355,
                        "y": -226.7006330846407
                    }
                ]
            }
        }
    ]
}
